CREATE DATABASE IF NOT EXISTS `DBProject`;
USE `DBProject`;

CREATE TABLE IF NOT EXISTS `store` (
  `store_id` int(20) unsigned NOT NULL AUTO_INCREMENT,
  `address` varchar(50) NOT NULL,
  `state` varchar(20) NOT NULL,
  `open` time NOT NULL,
  `close` time NOT NULL,
  `manager` varchar(50) NOT NULL,
  PRIMARY KEY (`store_id`) USING BTREE
) ENGINE=InnoDB DEFAULT CHARSET=utf8mb3;
INSERT INTO `store` (`address`,`state`,`open`,`close`,`manager`)
VALUES
  ("Ap #248-5492 Lorem, St.","Michigan","8:00","17:00","Ryan Baxter"),
  ("P.O. Box 301, 9438 Montes, St.","Idaho","8:00","17:00","Cathleen Lamb"),
  ("Ap #647-7532 Sed Rd.","Florida","8:00","17:00","Ivy Christian"),
  ("4385 Penatibus Rd.","Texas","8:00","17:00","Nasim Clay"),
  ("2752 Dis St.","Louisiana","8:00","17:00","Brandon Reyes"),
  ("Ap #200-6345 A, Rd.","Louisiana","8:00","17:00","Zephr Mcfarland"),
  ("9836 Porta St.","Georgia","8:00","17:00","Carlos Cobb"),
  ("904-4040 Quis Road","Vermont","8:00","17:00","Shad Hendrix"),
  ("Ap #148-8656 Et St.","Georgia","8:00","17:00","Kasimir Hughes"),
  ("991-7863 Libero. Ave","Nevada","8:00","17:00","Joan Dunlap");

CREATE TABLE IF NOT EXISTS `brands` (
  `name` varchar(50) NOT NULL,
  PRIMARY KEY (`name`)
) ENGINE=InnoDB DEFAULT CHARSET=utf8mb3;
INSERT INTO `brands` (`name`)
VALUES
  ("OrnareLtd"),
  ("Facilisis Inc."),
  ("Arcu Vivamus Foundation"),
  ("Non Leo Vivamus Incorporated"),
  ("Faucibus Ut Corporation"),
  ("Aliquam Fringilla Industries"),
  ("Elementum Dui LLP"),
  ("Consequat Foundation"),
  ("Neque Tellus Consulting"),
  ("Et Risus Inc."),
  ("Et Libero Proin Foundation"),
  ("Malesuada LLC"),
  ("Quisque Institute"),
  ("Aliquam Iaculis Corporation"),
  ("Aenean Sed Associates"),
  ("Nisi Sem Incorporated"),
  ("Donec Corporation"),
  ("Lobortis Incorporated"),
  ("Amet Industries"),
  ("Dui Augue Eu PC");

CREATE TABLE IF NOT EXISTS `customer` (
  `cust_id` int(20) unsigned NOT NULL AUTO_INCREMENT,
  `name` varchar(20) DEFAULT NULL,
  `address` varchar(50) DEFAULT NULL,
  `phone number` bigint(10) unsigned DEFAULT NULL,
  `credit card` bigint(16) unsigned DEFAULT NULL,
  PRIMARY KEY (`cust_id`) USING BTREE
) ENGINE=InnoDB DEFAULT CHARSET=utf8mb3;
INSERT INTO `customer` (`name`,`address`,`phone number`,`credit card`)
VALUES
  ("Nicole Nichols","Ap #353-4470 Pede Av.","4262454585","5566875664396489"),
  ("Audrey Ortega","9998 Hendrerit St.","4759588783","6479656443714689"),
  ("Nelle Slater","Ap #611-4369 Turpis. Avenue","7527628734","4539372648238585"),
  ("Emily Mason","Ap #952-4926 Parturient St.","3626861783","5352726663994576"),
  ("Dexter Cabrera","664-9880 Augue. Rd.","5283764625","5493766882525348"),
  ("George Rojas","5256 Curabitur Avenue","5235375222","5316856759234846"),
  ("Leigh Giles","4444 Placerat, Rd.","6881466832","6495839745438468"),
  ("Myles Clemons","896-5216 Tincidunt Av.","1884773738","6495581396337553"),
  ("Quamar Giles","Ap #809-2644 Metus St.","5276349318","5294478946594838"),
  ("Oleg Daniel","Ap #186-5100 Diam Street","5429636161","4024007162562638"),
  ("Howard Myers","Ap #877-7182 Nulla Street","9975987523","6469337674111786"),
  ("Ronan York","676-8243 Phasellus St.","8752886728","6451143337616660"),
  ("Otto Miller","9717 Aliquet. Street","8823563815","4532665965317479"),
  ("Sylvester Jones","Ap #793-8293 Dictum Avenue","5544925368","4934361359222574"),
  ("Kitra Galloway","383-854 Sapien Av.","3892235533","4716542575669557"),
  ("Oscar Mcintyre","200-4636 Cras Avenue","8671742348","6475961346977431"),
  ("Kirestin Raymond","1474 Erat Ave","8427439432","4024007145266232"),
  ("Drake Rogers","239-2579 Tincidunt Ave","6776542385","6446755693934565"),
  ("Dara Puckett","325-6893 Lacus. St.","4566686259","4916673885436144"),
  ("Dominique Head","P.O. Box 884, 9599 Leo St.","4769758182","4556344125815456"),
  ("Coby Moon","810-2772 Mollis Avenue","2743884764","4716239329514441"),
  ("Sharon Rasmussen","863-1408 Lacus. Ave","8521993658","4261554673555926"),
  ("Charity Cochran","494-8176 Fermentum Rd.","6887539932","6538667732757643"),
  ("Geoffrey Calderon","Ap #883-5543 Sed Rd.","2229557752","5235767824152830"),
  ("Bruce Mccullough","P.O. Box 667, 6557 Justo Ave","4665458642","6471722127655248"),
  ("Ferdinand Bass","P.O. Box 673, 4233 Metus Road","5322957166","5571443566754371"),
  ("Ariana Mcintyre","Ap #939-2009 Iaculis, Av.","1111362162","6011468772644981"),
  ("Charles Navarro","Ap #741-5430 Sit Av.","7538787642","4916268843588977"),
  ("Aurelia Guerrero","292-3561 Non, Av.","9943942252","6496256246948375"),
  ("Zephania Ryan","Ap #174-5776 Ullamcorper St.","6651337948","5147393544576583"),
  ("Reed Head","P.O. Box 805, 6459 Nulla Av.","5827834625","6483661455538640"),
  ("Kato Ewing","P.O. Box 106, 407 Purus. Road","2447353829","4024007186264591"),
  ("Erica Leach","4619 Nunc Ave","8953386255","5273125643155554"),
  ("Rebekah Kelly","Ap #456-2436 Sed, Rd.","3175855384","4716825857728880"),
  ("Emma Willis","P.O. Box 602, 3781 Lobortis St.","6242452886","5555998436647923"),
  ("Guy Glover","P.O. Box 697, 4916 Vel Avenue","8835567443","6011574493272372"),
  ("Steel Silva","P.O. Box 126, 2529 Curabitur Rd.","2842856348","6011537229255730"),
  ("Wallace Watson","Ap #896-3071 Ultrices Road","2313488236","4556575347687526"),
  ("Aiko Mathis","Ap #934-2287 Mi Rd.","6572732263","4556667844756621"),
  ("Logan Dennis","5298 Aliquam Rd.","4569656779","6011185125382628"),
  ("Kane Hinton","6416 Proin Avenue","8387372926","4485337385597125"),
  ("Shelly Stephenson","Ap #133-9475 In Road","9296427368","5523823783246757"),
  ("Oleg Barry","631-8445 Senectus St.","1283765667","6452453438789384"),
  ("Deanna Holloway","576-200 Auctor. St.","5257266564","6541588235295110"),
  ("Petra Clemons","P.O. Box 260, 3076 Et Rd.","4658875489","5267434834366261"),
  ("Wing Todd","713-1411 Placerat, Street","2738843446","5285253486558787"),
  ("Alec White","Ap #827-3342 Elit, Rd.","6537271828","4716242526886299"),
  ("Sean Kirkland","Ap #163-658 Phasellus St.","2617843726","4556264756979753"),
  ("Ray Cantu","666-6903 Proin Ave","5985427971","5597668255776331"),
  ("Dennis Carson","P.O. Box 543, 1374 Tempor St.","3672896135","4624248342645448"),
  ("Farrah Berry","568-5286 Maecenas Avenue","5379966522","6534243496249831"),
  ("Wynter Bishop","Ap #563-6494 In, Av.","3375132278","4485372726496745"),
  ("Felicia Guzman","746-5085 Primis Av.","7266476339","5143523574382718"),
  ("Nash Cline","662-7045 Donec St.","4888413648","5237733133348285"),
  ("Xenos Guthrie","Ap #111-291 Semper Road","2432756177","6011123387616771"),
  ("Buckminster Chandler","Ap #865-1543 Eu St.","6228862764","6476999768217869"),
  ("Britanney Church","460-5371 Mauris Road","6748693677","5321846574716955"),
  ("Lyle Santos","995-3883 Nec, Street","5235464144","5415418293272251"),
  ("Kristen Daniel","P.O. Box 634, 3335 Bibendum Road","7555738345","5484883993191430"),
  ("David Riley","278-9375 Metus Avenue","7777638369","6475617716476988"),
  ("Odysseus Rhodes","Ap #382-6135 Ullamcorper, Av.","3948177736","5162822576987748"),
  ("Raja Pate","495-1614 Accumsan Ave","8527136821","6551538221354824"),
  ("Jenna Farrell","Ap #544-5310 Mollis Rd.","6792763444","5365472217122449"),
  ("Jermaine Moon","Ap #802-4377 Lorem St.","6335374477","5249585912113488"),
  ("Reagan Whitley","660-4529 Blandit St.","4863988955","4539281639368428"),
  ("Kasimir Frye","Ap #242-2499 Purus, Road","4885974326","4816484724489620"),
  ("Cailin Richmond","Ap #796-4881 Justo St.","2424888367","4438733659312761"),
  ("Marsden Navarro","P.O. Box 948, 4904 Aliquet Rd.","6943871487","6494483283475540"),
  ("Ariana Horn","P.O. Box 982, 3281 Ac Avenue","8474743345","6494551982867173"),
  ("Josiah Cervantes","Ap #176-216 Sapien, Street","5655672678","6467174265997329"),
  ("Paula Wilkins","1650 Tincidunt Road","1391784672","6554587242727598"),
  ("Jenette Melton","Ap #177-7145 Accumsan Avenue","4218518267","5145147378297886"),
  ("Patrick Branch","Ap #987-5480 Ultrices St.","3537636763","6011765882716421"),
  ("Eliana Navarro","492-4754 Odio Rd.","8474682412","6454649782277110"),
  ("Jack Cantrell","844-4933 Non Rd.","7477238585","5423686745757687"),
  ("Trevor Bailey","Ap #670-979 Aliquet St.","7875575735","5152552523466536"),
  ("Dean Blake","Ap #816-2007 Eu, St.","3183271428","4024007125335650"),
  ("Indigo Pierce","949-3451 Fermentum Road","4679578981","6011361527737632"),
  ("Asher Richard","P.O. Box 919, 4268 Ut Ave","8363779982","5384923441757829"),
  ("Ifeoma Ball","732-7563 Mattis Ave","4558679451","4929876176275759"),
  ("Jocelyn Mcpherson","381-372 Dictum Rd.","8732685882","4567555628344226"),
  ("Claudia Carpenter","Ap #508-3502 Arcu. Rd.","8684466475","4775355977264283"),
  ("Kitra Mayo","475-9945 Curabitur Rd.","2773786686","6568335428479947"),
  ("Hilel Kemp","434-5086 Amet, Ave","7251298184","6442782728266528"),
  ("Chastity Hebert","8054 Non Rd.","3527389676","5377621864934532"),
  ("Barrett Small","481-2394 Velit Avenue","2466245784","6466424721814639"),
  ("Ivory Bowers","6592 Nisl. Av.","9373343151","5168651383495825"),
  ("Nevada Dorsey","Ap #202-8317 Orci Av.","9352734477","6487135655255343"),
  ("Martin Leach","Ap #574-1824 Nulla Road","2923575924","5127983317164437"),
  ("Bell Matthews","Ap #208-7762 Elementum, Rd.","2445845657","5427364118124747"),
  ("Cody Vaughn","491-6343 Amet Rd.","6859768237","4485556299853692"),
  ("Dorian Santiago","789 Duis Avenue","8732752287","6445777674842881"),
  ("Sebastian Beard","Ap #981-8779 Pulvinar Ave","3385683239","6011931178146695"),
  ("Hyatt Rich","Ap #949-5621 Ut, Street","7597132433","5498557345623290"),
  ("Darius Sims","Ap #583-1065 Fusce Street","5283742398","5298582383663497"),
  ("Barrett Talley","2016 Fermentum St.","2242325295","6475794716126879"),
  ("Silas Underwood","7303 Ac St.","8725917584","4929864594227743"),
  ("Malachi Morales","P.O. Box 647, 6764 Elementum, St.","6523822527","5249787858938627"),
  ("Sean Curtis","Ap #883-7581 Dignissim Road","3547836989","4539642864686588"),
  ("Tiger Castillo","741-8264 Est, Ave","9573816628","5273939519785710");

CREATE TABLE IF NOT EXISTS `vendor` (
  `name` varchar(50) NOT NULL,
  PRIMARY KEY (`name`)
) ENGINE=InnoDB DEFAULT CHARSET=utf8mb3;
INSERT INTO `vendor` (`name`)
VALUES
  ("Habitant Morbi Tristique Associates"),
  ("Diam Corporation"),
  ("Eu Associates"),
  ("Amet Diam PC"),
  ("Erat Nonummy Consulting"),
  ("Tristique Associates"),
  ("Massa Quisque Industries"),
  ("Lacus Quisque Associates"),
  ("Tellus Justo Incorporated"),
  ("Sit Amet Dapibus Institute");
  
CREATE TABLE IF NOT EXISTS `product` (
  `UPC` bigint(12) unsigned NOT NULL,
  `name` varchar(50) NOT NULL,
  `size` varchar(50) DEFAULT NULL,
  `weight` int(5) DEFAULT NULL,
  PRIMARY KEY (`UPC`)
);
INSERT INTO `product` (`UPC`,`name`,`size`,`weight`)
VALUES
  (430933048909,"velit","36,37,77",3293),
  (987379773244,"risus varius","41,76,64",1843),
  (667208612101,"dui nec urna","47,38,76",2189),
  (481668682579,"Donec egestas.","24,51,27",1212),
  (583115837854,"rutrum urna, nec luctus","13,42,64",1887),
  (141100421898,"luctus et ultrices","38,26,72",5453),
  (949780940924,"Nullam vitae","51,77,48",3621),
  (881761301221,"tincidunt,","65,83,17",8794),
  (899852416145,"Aenean sed pede","83,22,59",9815),
  (410273888926,"a purus. Duis","11,45,55",9189),
  (542603090564,"fringilla","29,38,79",6279),
  (526732334781,"vitae","72,51,95",8029),
  (596080697023,"orci lobortis augue scelerisque","77,45,53",9925),
  (676871473347,"feugiat. Lorem ipsum","26,21,47",4823),
  (356275693492,"enim","73,58,45",3746),
  (883039785527,"ut lacus. Nulla tincidunt,","27,64,25",6819),
  (581833848500,"libero at auctor ullamcorper,","94,33,26",1874),
  (457112930654,"orci lobortis","28,89,32",5382),
  (630113450412,"a mi","78,54,15",4522),
  (205484734065,"facilisis","68,88,83",2577),
  (302077026432,"eleifend","37,58,44",7657),
  (370882263230,"nibh lacinia","13,26,24",156),
  (575896705266,"neque et nunc. Quisque","68,86,66",218),
  (630619915863,"vel nisl. Quisque","72,64,84",1098),
  (134371168776,"aliquet odio.","46,83,66",2939),
  (761574470524,"senectus","36,27,44",3493),
  (271807164064,"dapibus","98,73,37",7163),
  (383410448582,"Integer urna. Vivamus molestie","45,84,27",1674),
  (988221403872,"Nulla semper tellus","97,36,56",5268),
  (415247443429,"tempor bibendum.","68,22,16",762),
  (387892770250,"Sed nunc est,","34,59,63",8361),
  (985193292682,"volutpat","54,59,28",7389),
  (735580170898,"posuere at,","71,92,44",7550),
  (977537952958,"nec enim.","84,46,45",5157),
  (842115809159,"ultricies adipiscing,","25,39,78",2559),
  (799996185391,"Lorem","56,75,38",4951),
  (293296564104,"nec ante.","24,56,86",7629),
  (918782079583,"dolor vitae","48,77,43",9224),
  (942233577641,"feugiat nec, diam.","36,53,33",2989),
  (265613161600,"Nulla eget","73,83,91",2953),
  (750465068681,"Nullam feugiat placerat","39,34,16",9403),
  (775337586878,"erat vitae","32,92,68",7342),
  (673365934236,"pede. Praesent","47,92,55",2639),
  (882476677676,"risus quis diam luctus","42,68,13",3499),
  (599787060305,"in magna.","17,96,56",4275),
  (790345577899,"ac risus.","13,72,64",4236),
  (325657560346,"enim, sit amet","28,52,44",1057),
  (701681595301,"et magnis dis parturient","64,78,63",815),
  (418196559767,"Proin mi.","24,65,84",3819),
  (509135076783,"Proin","87,42,51",9133),
  (964585443324,"metus","56,76,98",3719),
  (635804424059,"tincidunt, nunc","87,12,46",5265),
  (842483284795,"in molestie","72,84,48",9502),
  (976965279925,"tincidunt dui","23,58,54",6829),
  (151179589462,"pharetra,","44,52,76",2973),
  (594353416484,"sit amet orci. Ut","35,23,31",9446),
  (652541695697,"id sapien. Cras","72,94,73",902),
  (384595771932,"quis, pede. Praesent","23,73,43",5904),
  (128889409409,"augue malesuada","57,52,86",6077),
  (157024140634,"ut nisi","13,29,68",2943),
  (668893203908,"luctus vulputate,","68,94,64",7066),
  (268609584255,"justo. Praesent luctus. Curabitur","54,51,88",7485),
  (801448656211,"suscipit nonummy. Fusce","39,88,86",1895),
  (261462100348,"Nam nulla magna,","61,13,57",9046),
  (256676657587,"diam. Proin dolor. Nulla","17,59,54",9075),
  (473445965663,"in","37,17,74",4757),
  (324891657197,"est ac","45,42,88",6154),
  (120510171577,"sed pede.","77,23,49",2812),
  (285619857086,"senectus","95,12,67",6753),
  (422669182860,"ipsum.","36,32,77",4761),
  (414252273328,"ac urna. Ut","12,65,15",1591),
  (341100142862,"magna. Duis","56,85,28",9476),
  (420785431152,"Donec est mauris,","81,32,22",4755),
  (785737513644,"aliquet molestie tellus.","39,64,66",4257),
  (756562825983,"Proin sed turpis","12,58,48",6987),
  (808332536208,"eu sem. Pellentesque ut","14,73,72",9004),
  (207053527103,"eu elit.","97,65,65",2794),
  (716387291794,"massa. Mauris vestibulum,","74,62,12",6501),
  (179672349808,"senectus et netus et","37,87,52",8604),
  (558185381377,"ligula eu enim. Etiam","77,88,67",5628),
  (739198051595,"at pretium aliquet,","68,45,43",7159),
  (177899297821,"montes, nascetur ridiculus","22,66,31",7535),
  (856435406994,"convallis","69,42,38",9619),
  (539609697322,"eleifend,","62,96,27",8425),
  (223966608614,"lorem, auctor","78,62,75",2572),
  (232706719657,"mi tempor","48,53,13",5211),
  (304419260600,"elit. Curabitur sed","48,33,88",9013),
  (646958988875,"Nulla","44,85,81",5147),
  (954634931904,"eros. Proin ultrices.","82,34,46",9210),
  (527161031044,"vitae, aliquet nec, imperdiet","38,44,71",7961),
  (481688306752,"scelerisque, lorem","64,36,24",9957),
  (645953885615,"malesuada augue","88,24,36",1898),
  (863316393350,"libero et","38,68,45",1750),
  (796810243436,"id, mollis","47,53,26",5907),
  (393207074209,"Mauris vestibulum,","46,22,51",6886),
  (571952421124,"ut,","25,37,18",7384),
  (969009540058,"Vestibulum ut eros non","22,93,76",1881),
  (487428211473,"ornare, elit elit fermentum","63,11,86",1805),
  (424765312644,"Integer sem elit, pharetra","32,52,46",9421),
  (535940591790,"massa rutrum","48,33,64",8540);

CREATE TABLE IF NOT EXISTS `in_stock` (
  `store_id` int(20) unsigned NOT NULL,
  `UPC` bigint(12) unsigned NOT NULL,
  `quantity` int(5) unsigned NOT NULL,
  PRIMARY KEY (`store_id`, `UPC`),
  KEY `FK_in_stock_product` (`UPC`),
  CONSTRAINT `FK_in_stock_product` FOREIGN KEY (`UPC`) REFERENCES `product` (`UPC`) ON DELETE NO ACTION ON UPDATE NO ACTION,
  CONSTRAINT `FK_in_stock_store` FOREIGN KEY (`store_id`) REFERENCES `store` (`store_id`) ON DELETE NO ACTION ON UPDATE NO ACTION
) ENGINE=InnoDB DEFAULT CHARSET=utf8mb3;
INSERT INTO `in_stock` (`store_id`, `UPC`, `quantity`)
VALUES
  (1,430933048909,7174),
  (1,987379773244,4148),
  (1,667208612101,6985),
  (1,481668682579,746),
  (1,583115837854,7816),
  (1,141100421898,1839),
  (1,949780940924,4088),
  (1,881761301221,1171),
  (1,899852416145,7198),
  (1,410273888926,7939),
  (1,542603090564,1997),
  (1,526732334781,2204),
  (1,596080697023,1005),
  (1,676871473347,5739),
  (1,356275693492,5844),
  (1,883039785527,6569),
  (1,581833848500,5820),
  (1,457112930654,2753),
  (1,630113450412,8451),
  (1,205484734065,1440),
  (1,302077026432,8724),
  (1,370882263230,8710),
  (1,575896705266,4361),
  (1,630619915863,4404),
  (1,134371168776,296),
  (1,761574470524,6940),
  (1,271807164064,9182),
  (1,383410448582,5605),
  (1,988221403872,2430),
  (1,415247443429,8204),
  (1,387892770250,1343),
  (1,985193292682,3224),
  (1,735580170898,3838),
  (1,977537952958,780),
  (1,842115809159,4565),
  (1,799996185391,7612),
  (1,293296564104,9839),
  (1,918782079583,2565),
  (1,942233577641,7692),
  (1,265613161600,147),
  (1,750465068681,1781),
  (1,775337586878,3637),
  (1,673365934236,8348),
  (1,882476677676,4948),
  (1,599787060305,3323),
  (1,790345577899,8398),
  (1,325657560346,1233),
  (1,701681595301,7258),
  (1,418196559767,2654),
  (1,509135076783,9083),
  (1,964585443324,3559),
  (1,635804424059,221),
  (1,842483284795,1119),
  (1,976965279925,7172),
  (1,151179589462,4018),
  (1,594353416484,4977),
  (1,652541695697,3247),
  (1,384595771932,6340),
  (1,128889409409,3223),
  (1,157024140634,3483),
  (1,668893203908,4579),
  (1,268609584255,1590),
  (1,801448656211,6066),
  (1,261462100348,6537),
  (1,256676657587,3732),
  (1,473445965663,7717),
  (1,324891657197,3721),
  (1,120510171577,1755),
  (1,285619857086,8586),
  (1,422669182860,14),
  (1,414252273328,7792),
  (1,341100142862,6982),
  (1,420785431152,5678),
  (1,785737513644,1429),
  (1,756562825983,9007),
  (1,808332536208,7370),
  (1,207053527103,7601),
  (1,716387291794,1928),
  (1,179672349808,4368),
  (1,558185381377,339),
  (1,739198051595,9924),
  (1,177899297821,8214),
  (1,856435406994,1463),
  (1,539609697322,239),
  (1,223966608614,3817),
  (1,232706719657,2246),
  (1,304419260600,9035),
  (1,646958988875,3078),
  (1,954634931904,8150),
  (1,527161031044,8075),
  (1,481688306752,4813),
  (1,645953885615,9963),
  (1,863316393350,1757),
  (1,796810243436,6719),
  (1,393207074209,3139),
  (1,571952421124,5816),
  (1,969009540058,6583),
  (1,487428211473,6635),
  (1,424765312644,1236),
  (1,535940591790,4730),
  (2,430933048909,5037),
  (2,987379773244,406),
  (2,667208612101,9612),
  (2,481668682579,6806),
  (2,583115837854,4837),
  (2,141100421898,1318),
  (2,949780940924,5699),
  (2,881761301221,6589),
  (2,899852416145,3529),
  (2,410273888926,9748),
  (2,542603090564,2027),
  (2,526732334781,2310),
  (2,596080697023,7105),
  (2,676871473347,515),
  (2,356275693492,22),
  (2,883039785527,234),
  (2,581833848500,9597),
  (2,457112930654,94),
  (2,630113450412,9093),
  (2,205484734065,5770),
  (2,302077026432,5232),
  (2,370882263230,8983),
  (2,575896705266,3975),
  (2,630619915863,4675),
  (2,134371168776,6633),
  (2,761574470524,6496),
  (2,271807164064,8318),
  (2,383410448582,7190),
  (2,988221403872,8594),
  (2,415247443429,3922),
  (2,387892770250,2345),
  (2,985193292682,4297),
  (2,735580170898,5634),
  (2,977537952958,8351),
  (2,842115809159,9269),
  (2,799996185391,7943),
  (2,293296564104,3032),
  (2,918782079583,5668),
  (2,942233577641,2824),
  (2,265613161600,8264),
  (2,750465068681,5403),
  (2,775337586878,7873),
  (2,673365934236,2033),
  (2,882476677676,5490),
  (2,599787060305,4568),
  (2,790345577899,5465),
  (2,325657560346,5169),
  (2,701681595301,7350),
  (2,418196559767,9816),
  (2,509135076783,8410),
  (2,964585443324,4555),
  (2,635804424059,7011),
  (2,842483284795,1860),
  (2,976965279925,4053),
  (2,151179589462,7515),
  (2,594353416484,148),
  (2,652541695697,492),
  (2,384595771932,3671),
  (2,128889409409,1859),
  (2,157024140634,5015),
  (2,668893203908,7615),
  (2,268609584255,3039),
  (2,801448656211,8958),
  (2,261462100348,1339),
  (2,256676657587,2732),
  (2,473445965663,2723),
  (2,324891657197,6236),
  (2,120510171577,2111),
  (2,285619857086,2257),
  (2,422669182860,141),
  (2,414252273328,4062),
  (2,341100142862,6605),
  (2,420785431152,2211),
  (2,785737513644,6488),
  (2,756562825983,6079),
  (2,808332536208,2861),
  (2,207053527103,8172),
  (2,716387291794,5904),
  (2,179672349808,7003),
  (2,558185381377,4152),
  (2,739198051595,7080),
  (2,177899297821,4427),
  (2,856435406994,2161),
  (2,539609697322,2767),
  (2,223966608614,8318),
  (2,232706719657,6449),
  (2,304419260600,1783),
  (2,646958988875,2793),
  (2,954634931904,5824),
  (2,527161031044,5185),
  (2,481688306752,1779),
  (2,645953885615,191),
  (2,863316393350,3559),
  (2,796810243436,4758),
  (2,393207074209,7378),
  (2,571952421124,2621),
  (2,969009540058,2562),
  (2,487428211473,9868),
  (2,424765312644,3612),
  (2,535940591790,8312),
  (3,430933048909,5429),
  (3,987379773244,5434),
  (3,667208612101,8491),
  (3,481668682579,174),
  (3,583115837854,7131),
  (3,141100421898,5857),
  (3,949780940924,792),
  (3,881761301221,6011),
  (3,899852416145,5969),
  (3,410273888926,5535),
  (3,542603090564,1604),
  (3,526732334781,6669),
  (3,596080697023,2492),
  (3,676871473347,828),
  (3,356275693492,3271),
  (3,883039785527,8046),
  (3,581833848500,7433),
  (3,457112930654,1223),
  (3,630113450412,5511),
  (3,205484734065,3498),
  (3,302077026432,7353),
  (3,370882263230,882),
  (3,575896705266,2618),
  (3,630619915863,2043),
  (3,134371168776,8884),
  (3,761574470524,3056),
  (3,271807164064,7765),
  (3,383410448582,6238),
  (3,988221403872,4059),
  (3,415247443429,6168),
  (3,387892770250,9530),
  (3,985193292682,4234),
  (3,735580170898,9716),
  (3,977537952958,7666),
  (3,842115809159,9946),
  (3,799996185391,4499),
  (3,293296564104,7849),
  (3,918782079583,4223),
  (3,942233577641,8034),
  (3,265613161600,9512),
  (3,750465068681,3738),
  (3,775337586878,337),
  (3,673365934236,217),
  (3,882476677676,3728),
  (3,599787060305,4269),
  (3,790345577899,8700),
  (3,325657560346,2830),
  (3,701681595301,8145),
  (3,418196559767,3193),
  (3,509135076783,7541),
  (3,964585443324,7390),
  (3,635804424059,9376),
  (3,842483284795,4840),
  (3,976965279925,7954),
  (3,151179589462,2750),
  (3,594353416484,8000),
  (3,652541695697,4590),
  (3,384595771932,7648),
  (3,128889409409,4070),
  (3,157024140634,6578),
  (3,668893203908,1540),
  (3,268609584255,7356),
  (3,801448656211,5891),
  (3,261462100348,9037),
  (3,256676657587,9191),
  (3,473445965663,2195),
  (3,324891657197,8791),
  (3,120510171577,8389),
  (3,285619857086,2965),
  (3,422669182860,2045),
  (3,414252273328,6825),
  (3,341100142862,9646),
  (3,420785431152,1713),
  (3,785737513644,6196),
  (3,756562825983,9480),
  (3,808332536208,7901),
  (3,207053527103,4906),
  (3,716387291794,9366),
  (3,179672349808,3628),
  (3,558185381377,5798),
  (3,739198051595,4353),
  (3,177899297821,2381),
  (3,856435406994,5142),
  (3,539609697322,5872),
  (3,223966608614,9149),
  (3,232706719657,8687),
  (3,304419260600,7486),
  (3,646958988875,9074),
  (3,954634931904,8738),
  (3,527161031044,4735),
  (3,481688306752,1589),
  (3,645953885615,6969),
  (3,863316393350,5658),
  (3,796810243436,6861),
  (3,393207074209,7080),
  (3,571952421124,640),
  (3,969009540058,9747),
  (3,487428211473,4209),
  (3,424765312644,3920),
  (3,535940591790,7908),
  (4,430933048909,7117),
  (4,987379773244,467),
  (4,667208612101,6104),
  (4,481668682579,4246),
  (4,583115837854,9844),
  (4,141100421898,404),
  (4,949780940924,8795),
  (4,881761301221,2391),
  (4,899852416145,3819),
  (4,410273888926,1060),
  (4,542603090564,3254),
  (4,526732334781,7956),
  (4,596080697023,9812),
  (4,676871473347,5379),
  (4,356275693492,7627),
  (4,883039785527,9020),
  (4,581833848500,4997),
  (4,457112930654,4773),
  (4,630113450412,7206),
  (4,205484734065,7391),
  (4,302077026432,6733),
  (4,370882263230,5242),
  (4,575896705266,5018),
  (4,630619915863,2344),
  (4,134371168776,9517),
  (4,761574470524,1361),
  (4,271807164064,8441),
  (4,383410448582,8570),
  (4,988221403872,1773),
  (4,415247443429,2158),
  (4,387892770250,2245),
  (4,985193292682,5184),
  (4,735580170898,6953),
  (4,977537952958,1156),
  (4,842115809159,1019),
  (4,799996185391,8168),
  (4,293296564104,1144),
  (4,918782079583,6823),
  (4,942233577641,6619),
  (4,265613161600,1195),
  (4,750465068681,8686),
  (4,775337586878,8255),
  (4,673365934236,1874),
  (4,882476677676,7437),
  (4,599787060305,9518),
  (4,790345577899,9626),
  (4,325657560346,9603),
  (4,701681595301,5073),
  (4,418196559767,2986),
  (4,509135076783,2291),
  (4,964585443324,564),
  (4,635804424059,601),
  (4,842483284795,2106),
  (4,976965279925,3640),
  (4,151179589462,5846),
  (4,594353416484,3981),
  (4,652541695697,2643),
  (4,384595771932,3768),
  (4,128889409409,5664),
  (4,157024140634,7720),
  (4,668893203908,3381),
  (4,268609584255,5801),
  (4,801448656211,3611),
  (4,261462100348,2185),
  (4,256676657587,4291),
  (4,473445965663,6771),
  (4,324891657197,903),
  (4,120510171577,1920),
  (4,285619857086,1641),
  (4,422669182860,4560),
  (4,414252273328,8973),
  (4,341100142862,1605),
  (4,420785431152,1348),
  (4,785737513644,4713),
  (4,756562825983,5265),
  (4,808332536208,3159),
  (4,207053527103,3489),
  (4,716387291794,5077),
  (4,179672349808,1659),
  (4,558185381377,7325),
  (4,739198051595,8562),
  (4,177899297821,3008),
  (4,856435406994,7372),
  (4,539609697322,2851),
  (4,223966608614,6074),
  (4,232706719657,2732),
  (4,304419260600,2842),
  (4,646958988875,330),
  (4,954634931904,5546),
  (4,527161031044,2462),
  (4,481688306752,4240),
  (4,645953885615,3786),
  (4,863316393350,8013),
  (4,796810243436,3390),
  (4,393207074209,8108),
  (4,571952421124,1663),
  (4,969009540058,5395),
  (4,487428211473,5522),
  (4,424765312644,2014),
  (4,535940591790,8976),
  (5,430933048909,7088),
  (5,987379773244,2055),
  (5,667208612101,5981),
  (5,481668682579,7336),
  (5,583115837854,9573),
  (5,141100421898,7568),
  (5,949780940924,8972),
  (5,881761301221,8941),
  (5,899852416145,2440),
  (5,410273888926,5756),
  (5,542603090564,1916),
  (5,526732334781,890),
  (5,596080697023,975),
  (5,676871473347,9451),
  (5,356275693492,8402),
  (5,883039785527,7541),
  (5,581833848500,642),
  (5,457112930654,5951),
  (5,630113450412,2972),
  (5,205484734065,2982),
  (5,302077026432,4686),
  (5,370882263230,3204),
  (5,575896705266,9605),
  (5,630619915863,9709),
  (5,134371168776,591),
  (5,761574470524,4734),
  (5,271807164064,2034),
  (5,383410448582,5367),
  (5,988221403872,1413),
  (5,415247443429,3039),
  (5,387892770250,1084),
  (5,985193292682,537),
  (5,735580170898,179),
  (5,977537952958,552),
  (5,842115809159,4963),
  (5,799996185391,1641),
  (5,293296564104,3948),
  (5,918782079583,4143),
  (5,942233577641,2932),
  (5,265613161600,2619),
  (5,750465068681,5972),
  (5,775337586878,5676),
  (5,673365934236,5022),
  (5,882476677676,7390),
  (5,599787060305,1435),
  (5,790345577899,9547),
  (5,325657560346,7318),
  (5,701681595301,527),
  (5,418196559767,375),
  (5,509135076783,2015),
  (5,964585443324,1566),
  (5,635804424059,5394),
  (5,842483284795,5155),
  (5,976965279925,240),
  (5,151179589462,8429),
  (5,594353416484,1341),
  (5,652541695697,8365),
  (5,384595771932,4283),
  (5,128889409409,6173),
  (5,157024140634,9099),
  (5,668893203908,5157),
  (5,268609584255,4853),
  (5,801448656211,2581),
  (5,261462100348,134),
  (5,256676657587,3721),
  (5,473445965663,6230),
  (5,324891657197,1938),
  (5,120510171577,2445),
  (5,285619857086,8067),
  (5,422669182860,6804),
  (5,414252273328,982),
  (5,341100142862,447),
  (5,420785431152,4710),
  (5,785737513644,8613),
  (5,756562825983,71),
  (5,808332536208,4498),
  (5,207053527103,1835),
  (5,716387291794,5221),
  (5,179672349808,8920),
  (5,558185381377,205),
  (5,739198051595,6430),
  (5,177899297821,1636),
  (5,856435406994,7367),
  (5,539609697322,3456),
  (5,223966608614,2233),
  (5,232706719657,4408),
  (5,304419260600,6921),
  (5,646958988875,6345),
  (5,954634931904,3362),
  (5,527161031044,7352),
  (5,481688306752,542),
  (5,645953885615,9344),
  (5,863316393350,5510),
  (5,796810243436,2223),
  (5,393207074209,7705),
  (5,571952421124,6040),
  (5,969009540058,7271),
  (5,487428211473,2753),
  (5,424765312644,1271),
  (5,535940591790,8164),
  (6,430933048909,66),
  (6,987379773244,2408),
  (6,667208612101,8224),
  (6,481668682579,567),
  (6,583115837854,4687),
  (6,141100421898,2557),
  (6,949780940924,1224),
  (6,881761301221,795),
  (6,899852416145,8974),
  (6,410273888926,8201),
  (6,542603090564,1372),
  (6,526732334781,8941),
  (6,596080697023,108),
  (6,676871473347,3601),
  (6,356275693492,2345),
  (6,883039785527,7709),
  (6,581833848500,8482),
  (6,457112930654,9587),
  (6,630113450412,4411),
  (6,205484734065,2092),
  (6,302077026432,5998),
  (6,370882263230,8927),
  (6,575896705266,6319),
  (6,630619915863,7478),
  (6,134371168776,2857),
  (6,761574470524,1869),
  (6,271807164064,6042),
  (6,383410448582,7051),
  (6,988221403872,5762),
  (6,415247443429,3919),
  (6,387892770250,6879),
  (6,985193292682,7556),
  (6,735580170898,1647),
  (6,977537952958,5622),
  (6,842115809159,6782),
  (6,799996185391,6067),
  (6,293296564104,4799),
  (6,918782079583,853),
  (6,942233577641,8041),
  (6,265613161600,9540),
  (6,750465068681,6540),
  (6,775337586878,7592),
  (6,673365934236,7850),
  (6,882476677676,9111),
  (6,599787060305,5400),
  (6,790345577899,2591),
  (6,325657560346,7465),
  (6,701681595301,3527),
  (6,418196559767,3938),
  (6,509135076783,3181),
  (6,964585443324,7749),
  (6,635804424059,6828),
  (6,842483284795,1774),
  (6,976965279925,494),
  (6,151179589462,5884),
  (6,594353416484,1483),
  (6,652541695697,4076),
  (6,384595771932,8314),
  (6,128889409409,6628),
  (6,157024140634,6114),
  (6,668893203908,7092),
  (6,268609584255,4290),
  (6,801448656211,862),
  (6,261462100348,6484),
  (6,256676657587,215),
  (6,473445965663,1509),
  (6,324891657197,2799),
  (6,120510171577,1797),
  (6,285619857086,5301),
  (6,422669182860,4647),
  (6,414252273328,2080),
  (6,341100142862,7293),
  (6,420785431152,1215),
  (6,785737513644,4844),
  (6,756562825983,509),
  (6,808332536208,5628),
  (6,207053527103,2689),
  (6,716387291794,9681),
  (6,179672349808,9572),
  (6,558185381377,5009),
  (6,739198051595,4807),
  (6,177899297821,2830),
  (6,856435406994,3688),
  (6,539609697322,3517),
  (6,223966608614,8441),
  (6,232706719657,8745),
  (6,304419260600,7198),
  (6,646958988875,9023),
  (6,954634931904,6639),
  (6,527161031044,5469),
  (6,481688306752,317),
  (6,645953885615,3416),
  (6,863316393350,7340),
  (6,796810243436,6639),
  (6,393207074209,3027),
  (6,571952421124,3113),
  (6,969009540058,9296),
  (6,487428211473,8127),
  (6,424765312644,5942),
  (6,535940591790,5423),
  (7,430933048909,1213),
  (7,987379773244,2095),
  (7,667208612101,4423),
  (7,481668682579,5222),
  (7,583115837854,7428),
  (7,141100421898,7352),
  (7,949780940924,6034),
  (7,881761301221,6656),
  (7,899852416145,1282),
  (7,410273888926,4212),
  (7,542603090564,1991),
  (7,526732334781,8089),
  (7,596080697023,5879),
  (7,676871473347,1217),
  (7,356275693492,3112),
  (7,883039785527,4877),
  (7,581833848500,3229),
  (7,457112930654,4746),
  (7,630113450412,128),
  (7,205484734065,5716),
  (7,302077026432,5421),
  (7,370882263230,8872),
  (7,575896705266,7557),
  (7,630619915863,4326),
  (7,134371168776,3020),
  (7,761574470524,4674),
  (7,271807164064,6096),
  (7,383410448582,9438),
  (7,988221403872,3027),
  (7,415247443429,1298),
  (7,387892770250,7766),
  (7,985193292682,5132),
  (7,735580170898,697),
  (7,977537952958,2155),
  (7,842115809159,4517),
  (7,799996185391,4227),
  (7,293296564104,3478),
  (7,918782079583,643),
  (7,942233577641,5758),
  (7,265613161600,882),
  (7,750465068681,444),
  (7,775337586878,492),
  (7,673365934236,1979),
  (7,882476677676,9776),
  (7,599787060305,666),
  (7,790345577899,9266),
  (7,325657560346,1008),
  (7,701681595301,5061),
  (7,418196559767,7313),
  (7,509135076783,1111),
  (7,964585443324,9187),
  (7,635804424059,7482),
  (7,842483284795,6971),
  (7,976965279925,3958),
  (7,151179589462,8676),
  (7,594353416484,3844),
  (7,652541695697,1567),
  (7,384595771932,4819),
  (7,128889409409,7998),
  (7,157024140634,344),
  (7,668893203908,6534),
  (7,268609584255,518),
  (7,801448656211,8332),
  (7,261462100348,2942),
  (7,256676657587,6093),
  (7,473445965663,5208),
  (7,324891657197,7531),
  (7,120510171577,3191),
  (7,285619857086,9943),
  (7,422669182860,2304),
  (7,414252273328,4510),
  (7,341100142862,4795),
  (7,420785431152,5343),
  (7,785737513644,6649),
  (7,756562825983,4351),
  (7,808332536208,8885),
  (7,207053527103,7406),
  (7,716387291794,4997),
  (7,179672349808,1617),
  (7,558185381377,7216),
  (7,739198051595,6372),
  (7,177899297821,5464),
  (7,856435406994,1480),
  (7,539609697322,6035),
  (7,223966608614,519),
  (7,232706719657,8121),
  (7,304419260600,6873),
  (7,646958988875,6151),
  (7,954634931904,5120),
  (7,527161031044,3671),
  (7,481688306752,2289),
  (7,645953885615,2735),
  (7,863316393350,9461),
  (7,796810243436,2065),
  (7,393207074209,777),
  (7,571952421124,3047),
  (7,969009540058,5442),
  (7,487428211473,3533),
  (7,424765312644,1550),
  (7,535940591790,9930),
  (8,430933048909,9393),
  (8,987379773244,2314),
  (8,667208612101,1069),
  (8,481668682579,7165),
  (8,583115837854,7323),
  (8,141100421898,4861),
  (8,949780940924,4414),
  (8,881761301221,1077),
  (8,899852416145,6746),
  (8,410273888926,4477),
  (8,542603090564,9419),
  (8,526732334781,3221),
  (8,596080697023,116),
  (8,676871473347,3092),
  (8,356275693492,4143),
  (8,883039785527,8554),
  (8,581833848500,9851),
  (8,457112930654,7035),
  (8,630113450412,8963),
  (8,205484734065,8846),
  (8,302077026432,9576),
  (8,370882263230,7423),
  (8,575896705266,6499),
  (8,630619915863,3854),
  (8,134371168776,3609),
  (8,761574470524,1986),
  (8,271807164064,9438),
  (8,383410448582,1486),
  (8,988221403872,2387),
  (8,415247443429,6481),
  (8,387892770250,1290),
  (8,985193292682,6893),
  (8,735580170898,706),
  (8,977537952958,2628),
  (8,842115809159,8718),
  (8,799996185391,7041),
  (8,293296564104,8087),
  (8,918782079583,2527),
  (8,942233577641,8298),
  (8,265613161600,8106),
  (8,750465068681,5841),
  (8,775337586878,7577),
  (8,673365934236,6879),
  (8,882476677676,1711),
  (8,599787060305,1049),
  (8,790345577899,8010),
  (8,325657560346,9434),
  (8,701681595301,7209),
  (8,418196559767,5445),
  (8,509135076783,7791),
  (8,964585443324,2),
  (8,635804424059,9920),
  (8,842483284795,5568),
  (8,976965279925,8732),
  (8,151179589462,5457),
  (8,594353416484,6714),
  (8,652541695697,8988),
  (8,384595771932,9176),
  (8,128889409409,8044),
  (8,157024140634,5873),
  (8,668893203908,845),
  (8,268609584255,2049),
  (8,801448656211,9630),
  (8,261462100348,6037),
  (8,256676657587,4502),
  (8,473445965663,652),
  (8,324891657197,8151),
  (8,120510171577,1307),
  (8,285619857086,898),
  (8,422669182860,3018),
  (8,414252273328,4066),
  (8,341100142862,9445),
  (8,420785431152,7372),
  (8,785737513644,8150),
  (8,756562825983,9556),
  (8,808332536208,3443),
  (8,207053527103,9439),
  (8,716387291794,9543),
  (8,179672349808,4027),
  (8,558185381377,6716),
  (8,739198051595,5122),
  (8,177899297821,3264),
  (8,856435406994,5927),
  (8,539609697322,1288),
  (8,223966608614,9779),
  (8,232706719657,2227),
  (8,304419260600,1890),
  (8,646958988875,2590),
  (8,954634931904,3089),
  (8,527161031044,5836),
  (8,481688306752,6952),
  (8,645953885615,1951),
  (8,863316393350,5459),
  (8,796810243436,361),
  (8,393207074209,8140),
  (8,571952421124,9972),
  (8,969009540058,8578),
  (8,487428211473,1161),
  (8,424765312644,8108),
  (8,535940591790,8084),
  (9,430933048909,5891),
  (9,987379773244,2512),
  (9,667208612101,7766),
  (9,481668682579,1107),
  (9,583115837854,3112),
  (9,141100421898,2731),
  (9,949780940924,5762),
  (9,881761301221,1811),
  (9,899852416145,4622),
  (9,410273888926,2600),
  (9,542603090564,4681),
  (9,526732334781,9978),
  (9,596080697023,5729),
  (9,676871473347,4641),
  (9,356275693492,1281),
  (9,883039785527,4513),
  (9,581833848500,2044),
  (9,457112930654,878),
  (9,630113450412,5797),
  (9,205484734065,1780),
  (9,302077026432,2435),
  (9,370882263230,8537),
  (9,575896705266,3583),
  (9,630619915863,2845),
  (9,134371168776,8645),
  (9,761574470524,206),
  (9,271807164064,4562),
  (9,383410448582,7939),
  (9,988221403872,2452),
  (9,415247443429,2955),
  (9,387892770250,9661),
  (9,985193292682,8408),
  (9,735580170898,5026),
  (9,977537952958,8706),
  (9,842115809159,1654),
  (9,799996185391,4182),
  (9,293296564104,3829),
  (9,918782079583,6054),
  (9,942233577641,9792),
  (9,265613161600,3616),
  (9,750465068681,9658),
  (9,775337586878,1496),
  (9,673365934236,4936),
  (9,882476677676,1959),
  (9,599787060305,7338),
  (9,790345577899,3967),
  (9,325657560346,5469),
  (9,701681595301,1329),
  (9,418196559767,3957),
  (9,509135076783,8578),
  (9,964585443324,2137),
  (9,635804424059,2634),
  (9,842483284795,2686),
  (9,976965279925,4039),
  (9,151179589462,9497),
  (9,594353416484,8814),
  (9,652541695697,8614),
  (9,384595771932,6836),
  (9,128889409409,1492),
  (9,157024140634,4497),
  (9,668893203908,3483),
  (9,268609584255,3264),
  (9,801448656211,6918),
  (9,261462100348,2055),
  (9,256676657587,9010),
  (9,473445965663,8440),
  (9,324891657197,4920),
  (9,120510171577,2677),
  (9,285619857086,8230),
  (9,422669182860,1771),
  (9,414252273328,2999),
  (9,341100142862,4293),
  (9,420785431152,4753),
  (9,785737513644,2670),
  (9,756562825983,7273),
  (9,808332536208,1548),
  (9,207053527103,2268),
  (9,716387291794,254),
  (9,179672349808,7414),
  (9,558185381377,5090),
  (9,739198051595,9077),
  (9,177899297821,1371),
  (9,856435406994,940),
  (9,539609697322,8967),
  (9,223966608614,9052),
  (9,232706719657,5879),
  (9,304419260600,8879),
  (9,646958988875,7478),
  (9,954634931904,9794),
  (9,527161031044,7192),
  (9,481688306752,834),
  (9,645953885615,762),
  (9,863316393350,6305),
  (9,796810243436,7738),
  (9,393207074209,4661),
  (9,571952421124,8868),
  (9,969009540058,7555),
  (9,487428211473,5850),
  (9,424765312644,7178),
  (9,535940591790,8912),
  (10,430933048909,9101),
  (10,987379773244,5921),
  (10,667208612101,5762),
  (10,481668682579,9638),
  (10,583115837854,5849),
  (10,141100421898,6196),
  (10,949780940924,8086),
  (10,881761301221,9008),
  (10,899852416145,9185),
  (10,410273888926,2734),
  (10,542603090564,2695),
  (10,526732334781,8443),
  (10,596080697023,8053),
  (10,676871473347,6266),
  (10,356275693492,5225),
  (10,883039785527,7265),
  (10,581833848500,3688),
  (10,457112930654,1673),
  (10,630113450412,7327),
  (10,205484734065,3098),
  (10,302077026432,8558),
  (10,370882263230,7476),
  (10,575896705266,503),
  (10,630619915863,9873),
  (10,134371168776,6723),
  (10,761574470524,3559),
  (10,271807164064,2642),
  (10,383410448582,4700),
  (10,988221403872,6321),
  (10,415247443429,7651),
  (10,387892770250,2531),
  (10,985193292682,6079),
  (10,735580170898,1071),
  (10,977537952958,9540),
  (10,842115809159,117),
  (10,799996185391,2870),
  (10,293296564104,4657),
  (10,918782079583,7583),
  (10,942233577641,9358),
  (10,265613161600,3534),
  (10,750465068681,9309),
  (10,775337586878,6224),
  (10,673365934236,1891),
  (10,882476677676,4017),
  (10,599787060305,1416),
  (10,790345577899,8882),
  (10,325657560346,3294),
  (10,701681595301,5615),
  (10,418196559767,8572),
  (10,509135076783,2408),
  (10,964585443324,5377),
  (10,635804424059,8536),
  (10,842483284795,6758),
  (10,976965279925,3286),
  (10,151179589462,1715),
  (10,594353416484,2169),
  (10,652541695697,3841),
  (10,384595771932,4438),
  (10,128889409409,3628),
  (10,157024140634,2192),
  (10,668893203908,7684),
  (10,268609584255,3545),
  (10,801448656211,5710),
  (10,261462100348,2378),
  (10,256676657587,3533),
  (10,473445965663,2928),
  (10,324891657197,5591),
  (10,120510171577,2624),
  (10,285619857086,5040),
  (10,422669182860,8149),
  (10,414252273328,4459),
  (10,341100142862,4105),
  (10,420785431152,5485),
  (10,785737513644,4086),
  (10,756562825983,8087),
  (10,808332536208,1392),
  (10,207053527103,9033),
  (10,716387291794,1339),
  (10,179672349808,3896),
  (10,558185381377,2598),
  (10,739198051595,5113),
  (10,177899297821,679),
  (10,856435406994,5191),
  (10,539609697322,4681),
  (10,223966608614,2833),
  (10,232706719657,1831),
  (10,304419260600,9229),
  (10,646958988875,5807),
  (10,954634931904,4305),
  (10,527161031044,4266),
  (10,481688306752,9388),
  (10,645953885615,56),
  (10,863316393350,7971),
  (10,796810243436,2948),
  (10,393207074209,2698),
  (10,571952421124,9161),
  (10,969009540058,8545),
  (10,487428211473,2969),
  (10,424765312644,4656),
  (10,535940591790,9059);

CREATE TABLE IF NOT EXISTS `orders` (
  `name` varchar(50) NOT NULL,
  `store_id` int(20) unsigned NOT NULL,
  PRIMARY KEY (`store_id`, `name`),
  CONSTRAINT `FK_orders_store` FOREIGN KEY (`store_id`) REFERENCES `store` (`store_id`) ON DELETE NO ACTION ON UPDATE NO ACTION,
  CONSTRAINT `FK_orders_vendor` FOREIGN KEY (`name`) REFERENCES `vendor` (`name`) ON DELETE NO ACTION ON UPDATE NO ACTION
) ENGINE=InnoDB DEFAULT CHARSET=utf8mb3;
INSERT INTO `orders` (`name`, `store_id`)
VALUES 
  ("Habitant Morbi Tristique Associates",1),
  ("Diam Corporation",1),
  ("Eu Associates",1),
  ("Amet Diam PC",1),
  ("Erat Nonummy Consulting",1),
  ("Tristique Associates",1),
  ("Massa Quisque Industries",1),
  ("Lacus Quisque Associates",1),
  ("Tellus Justo Incorporated",1),
  ("Sit Amet Dapibus Institute",1),
  ("Habitant Morbi Tristique Associates",2),
  ("Diam Corporation",2),
  ("Eu Associates",2),
  ("Amet Diam PC",2),
  ("Erat Nonummy Consulting",2),
  ("Tristique Associates",2),
  ("Massa Quisque Industries",2),
  ("Lacus Quisque Associates",2),
  ("Tellus Justo Incorporated",2),
  ("Sit Amet Dapibus Institute",2),
  ("Habitant Morbi Tristique Associates",3),
  ("Diam Corporation",3),
  ("Eu Associates",3),
  ("Amet Diam PC",3),
  ("Erat Nonummy Consulting",3),
  ("Tristique Associates",3),
  ("Massa Quisque Industries",3),
  ("Lacus Quisque Associates",3),
  ("Tellus Justo Incorporated",3),
  ("Sit Amet Dapibus Institute",3),
  ("Habitant Morbi Tristique Associates",4),
  ("Diam Corporation",4),
  ("Eu Associates",4),
  ("Amet Diam PC",4),
  ("Erat Nonummy Consulting",4),
  ("Tristique Associates",4),
  ("Massa Quisque Industries",4),
  ("Lacus Quisque Associates",4),
  ("Tellus Justo Incorporated",4),
  ("Sit Amet Dapibus Institute",4),
  ("Habitant Morbi Tristique Associates",5),
  ("Diam Corporation",5),
  ("Eu Associates",5),
  ("Amet Diam PC",5),
  ("Erat Nonummy Consulting",5),
  ("Tristique Associates",5),
  ("Massa Quisque Industries",5),
  ("Lacus Quisque Associates",5),
  ("Tellus Justo Incorporated",5),
  ("Sit Amet Dapibus Institute",5),
  ("Habitant Morbi Tristique Associates",6),
  ("Diam Corporation",6),
  ("Eu Associates",6),
  ("Amet Diam PC",6),
  ("Erat Nonummy Consulting",6),
  ("Tristique Associates",6),
  ("Massa Quisque Industries",6),
  ("Lacus Quisque Associates",6),
  ("Tellus Justo Incorporated",6),
  ("Sit Amet Dapibus Institute",6),
  ("Habitant Morbi Tristique Associates",7),
  ("Diam Corporation",7),
  ("Eu Associates",7),
  ("Amet Diam PC",7),
  ("Erat Nonummy Consulting",7),
  ("Tristique Associates",7),
  ("Massa Quisque Industries",7),
  ("Lacus Quisque Associates",7),
  ("Tellus Justo Incorporated",7),
  ("Sit Amet Dapibus Institute",7),
  ("Habitant Morbi Tristique Associates",8),
  ("Diam Corporation",8),
  ("Eu Associates",8),
  ("Amet Diam PC",8),
  ("Erat Nonummy Consulting",8),
  ("Tristique Associates",8),
  ("Massa Quisque Industries",8),
  ("Lacus Quisque Associates",8),
  ("Tellus Justo Incorporated",8),
  ("Sit Amet Dapibus Institute",8),
  ("Habitant Morbi Tristique Associates",9),
  ("Diam Corporation",9),
  ("Eu Associates",9),
  ("Amet Diam PC",9),
  ("Erat Nonummy Consulting",9),
  ("Tristique Associates",9),
  ("Massa Quisque Industries",9),
  ("Lacus Quisque Associates",9),
  ("Tellus Justo Incorporated",9),
  ("Sit Amet Dapibus Institute",9),
  ("Habitant Morbi Tristique Associates",10),
  ("Diam Corporation",10),
  ("Eu Associates",10),
  ("Amet Diam PC",10),
  ("Erat Nonummy Consulting",10),
  ("Tristique Associates",10),
  ("Massa Quisque Industries",10),
  ("Lacus Quisque Associates",10),
  ("Tellus Justo Incorporated",10),
  ("Sit Amet Dapibus Institute",10);

CREATE TABLE IF NOT EXISTS `owns` (
  `brand_name` varchar(50) NOT NULL,
  `vendor_name` varchar(50) NOT NULL,
  PRIMARY KEY (`brand_name`),
  CONSTRAINT `FK_owns_brands` FOREIGN KEY (`brand_name`) REFERENCES `brands` (`name`) ON DELETE NO ACTION ON UPDATE NO ACTION,
  CONSTRAINT `FK_owns_vendor` FOREIGN KEY (`vendor_name`) REFERENCES `vendor` (`name`) ON DELETE NO ACTION ON UPDATE NO ACTION
) ENGINE=InnoDB DEFAULT CHARSET=utf8mb3;
INSERT INTO `owns`(`brand_name`, `vendor_name`)
VALUES 
  ("OrnareLtd","Habitant Morbi Tristique Associates"),
  ("Facilisis Inc.","Diam Corporation"),
  ("Arcu Vivamus Foundation","Eu Associates"),
  ("Non Leo Vivamus Incorporated","Amet Diam PC"),
  ("Faucibus Ut Corporation","Erat Nonummy Consulting"),
  ("Aliquam Fringilla Industries","Tristique Associates"),
  ("Elementum Dui LLP","Massa Quisque Industries"),
  ("Consequat Foundation","Lacus Quisque Associates"),
  ("Neque Tellus Consulting","Tellus Justo Incorporated"),
  ("Et Risus Inc.","Sit Amet Dapibus Institute"),
  ("Et Libero Proin Foundation","Habitant Morbi Tristique Associates"),
  ("Malesuada LLC","Diam Corporation"),
  ("Quisque Institute","Eu Associates"),
  ("Aliquam Iaculis Corporation","Amet Diam PC"),
  ("Aenean Sed Associates","Erat Nonummy Consulting"),
  ("Nisi Sem Incorporated","Tristique Associates"),
  ("Donec Corporation","Massa Quisque Industries"),
  ("Lobortis Incorporated","Lacus Quisque Associates"),
  ("Amet Industries","Tellus Justo Incorporated"),
  ("Dui Augue Eu PC","Sit Amet Dapibus Institute");

CREATE TABLE IF NOT EXISTS `produces` (
  `UPC` bigint(12) unsigned NOT NULL,
  `brand_name` varchar(50) NOT NULL,
  PRIMARY KEY (`UPC`),
  CONSTRAINT `FK_produces_brands` FOREIGN KEY (`brand_name`) REFERENCES `brands` (`name`) ON DELETE NO ACTION ON UPDATE NO ACTION,
  CONSTRAINT `FK_produces_product` FOREIGN KEY (`UPC`) REFERENCES `product` (`UPC`) ON DELETE NO ACTION ON UPDATE NO ACTION
) ENGINE=InnoDB DEFAULT CHARSET=utf8mb3;
INSERT INTO `produces` (`brand_name`, `UPC`)
VALUES 
  ("OrnareLtd",430933048909),
  ("Facilisis Inc.",987379773244),
  ("Arcu Vivamus Foundation",667208612101),
  ("Non Leo Vivamus Incorporated",481668682579),
  ("Faucibus Ut Corporation",583115837854),
  ("Aliquam Fringilla Industries",141100421898),
  ("Elementum Dui LLP",949780940924),
  ("Consequat Foundation",881761301221),
  ("Neque Tellus Consulting",899852416145),
  ("Et Risus Inc.",410273888926),
  ("Et Libero Proin Foundation",542603090564),
  ("Malesuada LLC",526732334781),
  ("Quisque Institute",596080697023),
  ("Aliquam Iaculis Corporation",676871473347),
  ("Aenean Sed Associates",356275693492),
  ("Nisi Sem Incorporated",883039785527),
  ("Donec Corporation",581833848500),
  ("Lobortis Incorporated",457112930654),
  ("Amet Industries",630113450412),
  ("Dui Augue Eu PC",205484734065),
  ("OrnareLtd",302077026432),
  ("Facilisis Inc.",370882263230),
  ("Arcu Vivamus Foundation",575896705266),
  ("Non Leo Vivamus Incorporated",630619915863),
  ("Faucibus Ut Corporation",134371168776),
  ("Aliquam Fringilla Industries",761574470524),
  ("Elementum Dui LLP",271807164064),
  ("Consequat Foundation",383410448582),
  ("Neque Tellus Consulting",988221403872),
  ("Et Risus Inc.",415247443429),
  ("Et Libero Proin Foundation",387892770250),
  ("Malesuada LLC",985193292682),
  ("Quisque Institute",735580170898),
  ("Aliquam Iaculis Corporation",977537952958),
  ("Aenean Sed Associates",842115809159),
  ("Nisi Sem Incorporated",799996185391),
  ("Donec Corporation",293296564104),
  ("Lobortis Incorporated",918782079583),
  ("Amet Industries",942233577641),
  ("Dui Augue Eu PC",265613161600),
  ("OrnareLtd",750465068681),
  ("Facilisis Inc.",775337586878),
  ("Arcu Vivamus Foundation",673365934236),
  ("Non Leo Vivamus Incorporated",882476677676),
  ("Faucibus Ut Corporation",599787060305),
  ("Aliquam Fringilla Industries",790345577899),
  ("Elementum Dui LLP",325657560346),
  ("Consequat Foundation",701681595301),
  ("Neque Tellus Consulting",418196559767),
  ("Et Risus Inc.",509135076783),
  ("Et Libero Proin Foundation",964585443324),
  ("Malesuada LLC",635804424059),
  ("Quisque Institute",842483284795),
  ("Aliquam Iaculis Corporation",976965279925),
  ("Aenean Sed Associates",151179589462),
  ("Nisi Sem Incorporated",594353416484),
  ("Donec Corporation",652541695697),
  ("Lobortis Incorporated",384595771932),
  ("Amet Industries",128889409409),
  ("Dui Augue Eu PC",157024140634),
  ("OrnareLtd",668893203908),
  ("Facilisis Inc.",268609584255),
  ("Arcu Vivamus Foundation",801448656211),
  ("Non Leo Vivamus Incorporated",261462100348),
  ("Faucibus Ut Corporation",256676657587),
  ("Aliquam Fringilla Industries",473445965663),
  ("Elementum Dui LLP",324891657197),
  ("Consequat Foundation",120510171577),
  ("Neque Tellus Consulting",285619857086),
  ("Et Risus Inc.",422669182860),
  ("Et Libero Proin Foundation",414252273328),
  ("Malesuada LLC",341100142862),
  ("Quisque Institute",420785431152),
  ("Aliquam Iaculis Corporation",785737513644),
  ("Aenean Sed Associates",756562825983),
  ("Nisi Sem Incorporated",808332536208),
  ("Donec Corporation",207053527103),
  ("Lobortis Incorporated",716387291794),
  ("Amet Industries",179672349808),
  ("Dui Augue Eu PC",558185381377),
  ("OrnareLtd",739198051595),
  ("Facilisis Inc.",177899297821),
  ("Arcu Vivamus Foundation",856435406994),
  ("Non Leo Vivamus Incorporated",539609697322),
  ("Faucibus Ut Corporation",223966608614),
  ("Aliquam Fringilla Industries",232706719657),
  ("Elementum Dui LLP",304419260600),
  ("Consequat Foundation",646958988875),
  ("Neque Tellus Consulting",954634931904),
  ("Et Risus Inc.",527161031044),
  ("Et Libero Proin Foundation",481688306752),
  ("Malesuada LLC",645953885615),
  ("Quisque Institute",863316393350),
  ("Aliquam Iaculis Corporation",796810243436),
  ("Aenean Sed Associates",393207074209),
  ("Nisi Sem Incorporated",571952421124),
  ("Donec Corporation",969009540058),
  ("Lobortis Incorporated",487428211473),
  ("Amet Industries",424765312644),
  ("Dui Augue Eu PC",535940591790);

CREATE TABLE IF NOT EXISTS `bought` (
  `cust_id` int(20) unsigned NOT NULL,
  `UPC` bigint(12) unsigned NOT NULL,
  PRIMARY KEY (`cust_id`),
  KEY `FK_bought_product` (`UPC`),
  CONSTRAINT `FK_bought_customer` FOREIGN KEY (`cust_id`) REFERENCES `customer` (`cust_id`) ON DELETE NO ACTION ON UPDATE NO ACTION,
  CONSTRAINT `FK_bought_product` FOREIGN KEY (`UPC`) REFERENCES `product` (`UPC`) ON DELETE NO ACTION ON UPDATE NO ACTION
) ENGINE=InnoDB DEFAULT CHARSET=utf8mb3;
INSERT INTO `bought` (`cust_id`, `UPC`)
VALUES 
  (1,430933048909),
  (2,987379773244),
  (3,667208612101),
  (4,481668682579),
  (5,583115837854),
  (6,141100421898),
  (7,949780940924),
  (8,881761301221),
  (9,899852416145),
  (10,410273888926),
  (11,542603090564),
  (12,526732334781),
  (13,596080697023),
  (14,676871473347),
  (15,356275693492),
  (16,883039785527),
  (17,581833848500),
  (18,457112930654),
  (19,630113450412),
  (20,205484734065),
  (21,302077026432),
  (22,370882263230),
  (23,575896705266),
  (24,630619915863),
  (25,134371168776),
  (26,761574470524),
  (27,271807164064),
  (28,383410448582),
  (29,988221403872),
  (30,415247443429),
  (31,387892770250),
  (32,985193292682),
  (33,735580170898),
  (34,977537952958),
  (35,842115809159),
  (36,799996185391),
  (37,293296564104),
  (38,918782079583),
  (39,942233577641),
  (40,265613161600),
  (41,750465068681),
  (42,775337586878),
  (43,673365934236),
  (44,882476677676),
  (45,599787060305),
  (46,790345577899),
  (47,325657560346),
  (48,701681595301),
  (49,418196559767),
  (50,509135076783),
  (51,964585443324),
  (52,635804424059),
  (53,842483284795),
  (54,976965279925),
  (55,151179589462),
  (56,594353416484),
  (57,652541695697),
  (58,384595771932),
  (59,128889409409),
  (60,157024140634),
  (61,668893203908),
  (62,268609584255),
  (63,801448656211),
  (64,261462100348),
  (65,256676657587),
  (66,473445965663),
  (67,324891657197),
  (68,120510171577),
  (69,285619857086),
  (70,422669182860),
  (71,414252273328),
  (72,341100142862),
  (73,420785431152),
  (74,785737513644),
  (75,756562825983),
  (76,808332536208),
  (77,207053527103),
  (78,716387291794),
  (79,179672349808),
  (80,558185381377),
  (81,739198051595),
  (82,177899297821),
  (83,856435406994),
  (84,539609697322),
  (85,223966608614),
  (86,232706719657),
  (87,304419260600),
  (88,646958988875),
  (89,954634931904),
  (90,527161031044),
  (91,481688306752),
  (92,645953885615),
  (93,863316393350),
  (94,796810243436),
  (95,393207074209),
  (96,571952421124),
  (97,969009540058),
  (98,487428211473),
  (99,424765312644),
  (100,535940591790);

CREATE TABLE IF NOT EXISTS `visits` (
  `cust_id` int(20) unsigned NOT NULL,
  `store_id` int(20) unsigned NOT NULL,
  PRIMARY KEY (`cust_id`),
  KEY `FK_visits_store` (`store_id`),
  CONSTRAINT `FK_visits_customer` FOREIGN KEY (`cust_id`) REFERENCES `customer` (`cust_id`) ON DELETE NO ACTION ON UPDATE NO ACTION,
  CONSTRAINT `FK_visits_store` FOREIGN KEY (`store_id`) REFERENCES `store` (`store_id`) ON DELETE NO ACTION ON UPDATE NO ACTION
) ENGINE=InnoDB DEFAULT CHARSET=utf8mb3;
INSERT INTO `visits` (`cust_id`, `store_id`)
VALUES 
  ( 1 , 4 ),
  ( 2 , 7 ),
  ( 3 , 10 ),
  ( 4 , 3 ),
  ( 5 , 10 ),
  ( 6 , 9 ),
  ( 7 , 6 ),
  ( 8 , 1 ),
  ( 9 , 3 ),
  ( 10 , 5 ),
  ( 11 , 3 ),
  ( 12 , 8 ),
  ( 13 , 9 ),
  ( 14 , 5 ),
  ( 15 , 7 ),
  ( 16 , 7 ),
  ( 17 , 1 ),
  ( 18 , 9 ),
  ( 19 , 4 ),
  ( 20 , 5 ),
  ( 21 , 2 ),
  ( 22 , 10 ),
  ( 23 , 9 ),
  ( 24 , 2 ),
  ( 25 , 2 ),
  ( 26 , 10 ),
  ( 27 , 3 ),
  ( 28 , 3 ),
  ( 29 , 5 ),
  ( 30 , 8 ),
  ( 31 , 10 ),
  ( 32 , 7 ),
  ( 33 , 10 ),
  ( 34 , 9 ),
  ( 35 , 1 ),
  ( 36 , 3 ),
  ( 37 , 9 ),
  ( 38 , 3 ),
  ( 39 , 7 ),
  ( 40 , 2 ),
  ( 41 , 2 ),
  ( 42 , 8 ),
  ( 43 , 5 ),
  ( 44 , 3 ),
  ( 45 , 1 ),
  ( 46 , 1 ),
  ( 47 , 3 ),
  ( 48 , 8 ),
  ( 49 , 3 ),
  ( 50 , 8 ),
  ( 51 , 6 ),
  ( 52 , 3 ),
  ( 53 , 6 ),
  ( 54 , 6 ),
  ( 55 , 5 ),
  ( 56 , 7 ),
  ( 57 , 10 ),
  ( 58 , 10 ),
  ( 59 , 10 ),
  ( 60 , 7 ),
  ( 61 , 4 ),
  ( 62 , 10 ),
  ( 63 , 10 ),
  ( 64 , 4 ),
  ( 65 , 5 ),
  ( 66 , 9 ),
  ( 67 , 4 ),
  ( 68 , 3 ),
  ( 69 , 4 ),
  ( 70 , 3 ),
  ( 71 , 8 ),
  ( 72 , 4 ),
  ( 73 , 3 ),
  ( 74 , 10 ),
  ( 75 , 1 ),
  ( 76 , 3 ),
  ( 77 , 9 ),
  ( 78 , 6 ),
  ( 79 , 3 ),
  ( 80 , 6 ),
  ( 81 , 6 ),
  ( 82 , 1 ),
  ( 83 , 8 ),
  ( 84 , 3 ),
  ( 85 , 9 ),
  ( 86 , 2 ),
  ( 87 , 9 ),
  ( 88 , 5 ),
  ( 89 , 8 ),
  ( 90 , 4 ),
  ( 91 , 1 ),
  ( 92 , 8 ),
  ( 93 , 6 ),
  ( 94 , 2 ),
  ( 95 , 4 ),
  ( 96 , 10 ),
  ( 97 , 7 ),
  ( 98 , 1 ),
  ( 99 , 7 ),
  ( 100 , 10 );

CREATE TABLE IF NOT EXISTS `sells` (
  `UPC` bigint(12) unsigned NOT NULL,
  `vendor_name` varchar(50) NOT NULL,
  PRIMARY KEY (`UPC`),
  KEY `FK_sells_product` (`UPC`),
  CONSTRAINT `FK_sells_product` FOREIGN KEY (`UPC`) REFERENCES `product` (`UPC`) ON DELETE NO ACTION ON UPDATE NO ACTION,
  CONSTRAINT `FK_sells_vendor` FOREIGN KEY (`vendor_name`) REFERENCES `vendor` (`name`) ON DELETE NO ACTION ON UPDATE NO ACTION
) ENGINE=InnoDB DEFAULT CHARSET=utf8mb3;
INSERT INTO `sells` (`UPC`, `vendor_name`)
VALUES 
  (430933048909,"Habitant Morbi Tristique Associates"),
  (987379773244,"Diam Corporation"),
  (667208612101,"Eu Associates"),
  (481668682579,"Amet Diam PC"),
  (583115837854,"Erat Nonummy Consulting"),
  (141100421898,"Tristique Associates"),
  (949780940924,"Massa Quisque Industries"),
  (881761301221,"Lacus Quisque Associates"),
  (899852416145,"Tellus Justo Incorporated"),
  (410273888926,"Sit Amet Dapibus Institute"),
  (542603090564,"Habitant Morbi Tristique Associates"),
  (526732334781,"Diam Corporation"),
  (596080697023,"Eu Associates"),
  (676871473347,"Amet Diam PC"),
  (356275693492,"Erat Nonummy Consulting"),
  (883039785527,"Tristique Associates"),
  (581833848500,"Massa Quisque Industries"),
  (457112930654,"Lacus Quisque Associates"),
  (630113450412,"Tellus Justo Incorporated"),
  (205484734065,"Sit Amet Dapibus Institute"),
  (302077026432,"Habitant Morbi Tristique Associates"),
  (370882263230,"Diam Corporation"),
  (575896705266,"Eu Associates"),
  (630619915863,"Amet Diam PC"),
  (134371168776,"Erat Nonummy Consulting"),
  (761574470524,"Tristique Associates"),
  (271807164064,"Massa Quisque Industries"),
  (383410448582,"Lacus Quisque Associates"),
  (988221403872,"Tellus Justo Incorporated"),
  (415247443429,"Sit Amet Dapibus Institute"),
  (387892770250,"Habitant Morbi Tristique Associates"),
  (985193292682,"Diam Corporation"),
  (735580170898,"Eu Associates"),
  (977537952958,"Amet Diam PC"),
  (842115809159,"Erat Nonummy Consulting"),
  (799996185391,"Tristique Associates"),
  (293296564104,"Massa Quisque Industries"),
  (918782079583,"Lacus Quisque Associates"),
  (942233577641,"Tellus Justo Incorporated"),
  (265613161600,"Sit Amet Dapibus Institute"),
  (750465068681,"Habitant Morbi Tristique Associates"),
  (775337586878,"Diam Corporation"),
  (673365934236,"Eu Associates"),
  (882476677676,"Amet Diam PC"),
  (599787060305,"Erat Nonummy Consulting"),
  (790345577899,"Tristique Associates"),
  (325657560346,"Massa Quisque Industries"),
  (701681595301,"Lacus Quisque Associates"),
  (418196559767,"Tellus Justo Incorporated"),
  (509135076783,"Sit Amet Dapibus Institute"), 
  (964585443324,"Habitant Morbi Tristique Associates"),
  (635804424059,"Diam Corporation"),
  (842483284795,"Eu Associates"),
  (976965279925,"Amet Diam PC"),
  (151179589462,"Erat Nonummy Consulting"),
  (594353416484,"Tristique Associates"),
  (652541695697,"Massa Quisque Industries"),
  (384595771932,"Lacus Quisque Associates"),
  (128889409409,"Tellus Justo Incorporated"),
  (157024140634,"Sit Amet Dapibus Institute"),
  (668893203908,"Habitant Morbi Tristique Associates"),
  (268609584255,"Diam Corporation"),
  (801448656211,"Eu Associates"),
  (261462100348,"Amet Diam PC"),
  (256676657587,"Erat Nonummy Consulting"),
  (473445965663,"Tristique Associates"),
  (324891657197,"Massa Quisque Industries"),
  (120510171577,"Lacus Quisque Associates"),
  (285619857086,"Tellus Justo Incorporated"),
  (422669182860,"Sit Amet Dapibus Institute"),
  (414252273328,"Habitant Morbi Tristique Associates"),
  (341100142862,"Diam Corporation"),
  (420785431152,"Eu Associates"),
  (785737513644,"Amet Diam PC"),
  (756562825983,"Erat Nonummy Consulting"),
  (808332536208,"Tristique Associates"),
  (207053527103,"Massa Quisque Industries"),
  (716387291794,"Lacus Quisque Associates"),
  (179672349808,"Tellus Justo Incorporated"),
  (558185381377,"Sit Amet Dapibus Institute"),
  (739198051595,"Habitant Morbi Tristique Associates"),
  (177899297821,"Diam Corporation"),
  (856435406994,"Eu Associates"),
  (539609697322,"Amet Diam PC"),
  (223966608614,"Erat Nonummy Consulting"),
  (232706719657,"Tristique Associates"),
  (304419260600,"Massa Quisque Industries"),
  (646958988875,"Lacus Quisque Associates"),
  (954634931904,"Tellus Justo Incorporated"),
  (527161031044,"Sit Amet Dapibus Institute"),
  (481688306752,"Habitant Morbi Tristique Associates"),
  (645953885615,"Diam Corporation"),
  (863316393350,"Eu Associates"),
  (796810243436,"Amet Diam PC"),
  (393207074209,"Erat Nonummy Consulting"),
  (571952421124,"Tristique Associates"),
  (969009540058,"Massa Quisque Industries"),
  (487428211473,"Lacus Quisque Associates"),
  (424765312644,"Tellus Justo Incorporated"),
  (535940591790,"Sit Amet Dapibus Institute");
